Time,Status_HB,Status_LB,LUP_cnt,P1V5,P3V3,P5V,N5V,P8V,P12V,P1I5,P3I3,P5I,N5I,P8I,P12I,TE,TS1,TS2,Checksum,CMD_exec_cnt,ICU_err_cnt,Last_cmd,Last_err,HK_req_cnt,sync_count
20161008T083307.882117,0,0,0,1,0,8844,0,1,0,8845,256,0,0,256,0,0,1,0,0,34,142,0,0,0,1
20160816T231827.882117,0,0,0,1,0,8844,0,1,0,8845,256,0,0,256,0,0,1,0,0,34,142,0,0,0,1
20160816T230956.882117,0,0,0,1,0,8844,0,1,0,8845,256,0,0,256,0,0,1,0,0,34,142,0,0,0,1
20160816T230957.882117,0,0,0,1,0,8844,0,1,0,8845,256,0,0,256,0,0,1,0,0,34,142,0,0,0,1
