Time,Delay/Advance Val,ICU packet checksum,ICU command count,sync_pulse_count
20160816T171555.589811,255,15,255,15,
20160816T171102.589811,0,0,0,0,
20160816T171102.589811,
