population mean,population standard deveation
127.46099959585074,73.91307287350287
