population_mean,population standard deveation
7.500875656742557,4.609775798969531
