time,x,y,z
20160805 17:48:47.429145,0,0,0,0
20160805 17:48:47.436958,0,0,0,0
20160805 17:48:47.444771,0,0,0,0
20160805 17:48:47.452583,0,0,0,0
