time,x,y,z
time,x,y,z
20160805 17:48:31.851948,0,0,5,16122112
20160805 17:48:31.851948,0,0,5,16187648
20160805 17:48:31.851948,0,0,5,16253184
20160805 17:48:31.851948,0,0,5,16318720
