time,status,n_fib,n_fob,n_fsc,x,y,z
20160803 22:19:12.918661,2,2,2,2,0,2,0
20160803 22:19:12.918661,2,2,2,2,512,512,0
