time,x,y,z
20160808 15:43:51.383005,0,0,0,3840
20160821 22:18:13.898630,0,0,0,0
