time,status,n_fib,n_fob,n_fsc,x,y,z,sensor range
20170225-085218.323269,12,248,113,248,94712,94712,63479,247
20160803-171948.323269,1,1,249,1,7469312,16316664,16252929,113
