time,x,y,z
20161110 08:27:05.040125,0,5440242,5440242,5439488,0,
20161110 08:27:05.040125,0,16313,65536,193108,2,
