time,status,n_fib,n_fob,n_fsc,x,y,z,sensor range
20170802 03:30:59.432509,41,0,239,0,141807,141568,32,139
20161223 15:41:12.096571,95,68,2,68,0,1731841,258,68
