time,x,y,z
20160805 17:48:47.421333,0,0,0,459008,0,
20160805 17:48:47.421333,0,0,0,524544,0,
